,ouu,det
0,8.649741125e-05,3.782824413e-05
1,0.003286875941,-9.136467939e-05
2,-0.003023144842,-7.13996096e-05
3,0.005501616306,-4.989743301e-05
4,0.004290525869,-0.06510690209
5,-0.06638951952,-0.2506522044
6,0.3051322982,0.4296860389
7,-0.1598773651,-0.3465864009
8,0.000656356009,8.778642833e-05
9,0.001966627179,8.99179666e-06
10,-0.0003235904517,2.110979898e-05
11,-0.0001849180952,-6.819696776e-06
12,0.02455517078,-4.494748619e-05
13,-0.00510781966,-7.971861239e-05
14,-0.005704654086,-3.895624843e-05
15,0.01600913217,0.02941858663
16,0.04319874973,0.1334128402
17,-0.05714065269,-0.1085191989
18,0.0833122881,0.0945588618
19,-0.04008941583,-0.1618890772
20,-0.001085918515,3.191321573e-05
21,0.0003709113976,7.864644175e-06
22,-5.110319588e-05,0.01414567499
23,0.01953672347,0.03786891037
24,0.003628459031,-0.01263506371
25,-0.004749302526,0.01251511717
26,0.01096540667,-0.01353186823
27,-0.08591479304,-0.1178171329
28,-0.08975674018,0.2485443446
29,-0.08917753208,0.03367074544
30,-0.1367401526,0.03371842304
31,-0.07724563494,0.003857779471
32,4.614656208e-05,0.01257655288
33,0.001779822655,0.001112049263
34,-0.01019765527,0.001072354412
35,0.02521393445,-0.000726160941
36,0.006864571541,-0.0005361022772
37,-0.01486892546,-0.07997513562
38,-0.2721269905,-0.435
39,0.07804049239,0.04154849657
40,-0.3509769359,-0.435
41,-0.2541467738,-0.435
42,-0.1777786501,-0.4025988807
43,-0.004289015059,-0.0001841802927
44,0.002193681273,4.78639385e-05
45,-0.02111308448,-7.871004422e-05
46,-0.0224172735,-5.241653998e-05
47,-0.01610418809,2.950337305e-05
48,0.06679259923,0.1270504035
49,0.2287897879,0.3603915999
50,0.01877058213,-4.761207025e-05
51,0.07422827285,0.1397887017
52,0.2805957094,0.3711877183
53,0.0514567838,0.09494227261
54,-0.004053639482,-0.0001948274208
55,0.007643292072,-0.009473971517
56,0.01115842964,0.008580818546
57,0.005533080598,0.0129799531
58,0.01144771409,-0.003841900801
59,0.03670869145,0.06160324899
60,0.07692400402,0.07615489662
61,-0.05068774654,-0.1549699503
62,-0.435,-0.2485194438
63,0.05592087004,0.01073993784
64,-0.1064781124,-0.006148523619
65,-0.1147155277,-0.0380356903
66,-0.000368386103,0.003463621434
67,-0.002094971256,-0.01269334193
68,-0.001503159999,0.002672851203
69,-0.002687606628,0.001769520899
70,-0.0200875806,0.008242963225
71,0.0007140512128,0.005665416975
72,-0.02139584259,0.006966157866
73,0.4116214126,0.435
74,0.02757671376,0.435
75,0.01172491787,0.435
76,0.003099851773,0.435
77,-0.00222692441,9.120269387e-05
78,-0.008834526513,-0.0001032052592
79,-0.01498550975,9.690969655e-05
80,-0.01319798147,5.081502869e-05
81,-0.01256524155,-0.001442140926
82,-0.07575479121,-0.07844534629
83,0.01646244051,0.009202365112
84,0.1528997393,0.01534497935
85,-0.03593776886,0.0096436709
86,-0.0338037866,0.02876654829
87,0.1113773355,0.04112509079
88,-0.01977428663,0.0007619666213
89,-0.02279481264,0.004799396701
90,-0.00948852482,-0.004900893659
91,-0.0001077851238,-0.005404192514
92,0.206230153,0.435
93,0.274233158,0.435
94,0.03191828204,0.008850775984
95,-8.275586194e-05,-0.004110837906
96,0.09773662319,0.435
97,0.2633087467,0.435
98,0.1743110099,0.4009939285
99,-0.002846326689,-2.000288524e-05
100,-0.002374895965,4.902840198e-05
101,-0.005591633779,-0.0001111306739
102,9.310649752e-06,-6.196758479e-05
103,0.1098391789,0.1000068939
104,0.08966873122,0.1228408782
105,-0.01934379109,0.0002508900842
106,-4.5006307e-05,-9.259934583e-05
107,0.2994221196,0.435
108,0.09118254114,-0.05349413972
109,0.05762961932,-0.09873034851
110,0.004616339936,-4.691903452e-05
111,-0.01177491183,4.197421562e-05
112,-0.007534200573,-5.340796342e-05
113,-0.0112451624,-3.155827215e-05
114,-0.05283321641,-0.1103417742
115,-0.04604209478,-0.1102923427
116,-0.007744713028,3.052419679e-05
117,-0.004123836648,1.112540132e-05
118,0.1546161033,0.1481780085
119,-0.1519598238,-0.1011848336
120,-0.0207058911,0.0009938783016
121,-0.01171482901,4.754558673e-05
122,-0.006230385524,3.885957599e-05
123,0.001534533663,-3.007608163e-05
124,0.0007530122909,2.494078241e-05
125,-0.1595141911,-0.1208718923
126,0.1038519322,0.3355693027
127,0.02359563932,7.172313679e-06
128,3.519836006e-05,-8.437953107e-06
129,0.01248368868,1.202774118e-05
130,0.215964992,0.435
131,0.1866359147,0.3960804953
132,1.795290607e-05,-8.542752616e-05
133,0.002864996982,-3.325978836e-05
134,-0.00145582563,4.084487435e-05
135,0.004634243343,-1.083834495e-05
136,0.003048569271,-0.06311131846
137,-0.05875193762,-0.2655319441
138,0.2799914017,0.3937112858
139,-0.1410461967,-0.3204831265
140,0.002104592192,4.743434649e-05
141,0.00161313689,-7.158699171e-06
142,-0.0002828415348,4.075676421e-06
143,5.478979028e-05,1.326567494e-05
144,0.02139951857,7.717552415e-05
145,-0.005657412909,2.774527881e-05
146,-0.006817848544,-3.288140603e-06
147,0.02195739314,0.04273385504
148,0.0404950941,0.13230956
149,-0.1108110962,-0.1176463104
150,0.09016205571,0.10285254
151,-0.03090648019,-0.1505601543
152,-0.001093866,-3.847350376e-06
153,1.499911633e-06,0.0001300970133
154,4.597992473e-05,-5.826677699e-05
155,0.01808379895,-9.30969423e-06
156,0.003676240422,-4.629144557e-05
157,-0.004391118221,-0.0001147896799
158,0.007739957849,-0.03566032787
159,-0.07889928436,-0.0977462222
160,-0.1029222821,0.435
161,-0.0816993135,0.05573627847
162,-0.121058929,0.04468832271
163,-0.06352223222,-9.721998775e-05
164,-7.861816829e-06,2.565021717e-05
165,1.258705395e-05,-0.004538161972
166,-0.008965360114,0.0006250211348
167,0.02017009308,0.006559367729
168,0.006377345663,0.00446174317
169,-0.01213940703,-0.06766870542
170,-0.2233844615,-0.435
171,0.07961954734,0.0453223536
172,-0.3037238165,-0.435
173,-0.230283501,-0.4305237864
174,-0.1530254219,-0.3570476471
175,4.310336237e-05,0.001468836104
176,0.001791486736,-0.0001374403732
177,-0.0179293604,3.829527937e-05
178,-0.02325111683,0.0002676915979
179,-0.01739939079,-8.316344822e-05
180,0.06487367777,0.09016579734
181,0.2016775231,0.3172512332
182,0.02690852717,-0.0001001358436
183,0.08708865559,0.2211403517
184,0.2675413071,0.33227253
185,0.04682479777,0.08174305317
186,-0.002841783921,-1.123128234e-05
187,0.006954716596,-9.002915396e-05
188,0.00893073085,-6.499435628e-06
189,0.004664812993,-1.116924111e-05
190,0.01064295515,6.369058473e-05
191,0.0382192211,0.05416705169
192,0.06807711851,0.06298714587
193,-0.04501410401,-0.06890928504
194,-0.435,-0.435
195,0.02595738606,0.005206281582
196,-0.09324560088,-0.02353248151
197,-0.09855734817,-0.03149391461
198,0.003692403972,0.001081237369
199,-0.00461262229,0.0008622394893
200,-0.002528753795,0.00105900795
201,-0.0007555760326,0.0004824397726
202,-0.01222990473,-0.001232454103
203,0.001105689613,-0.0004060454162
204,-0.02033784665,-0.000862755856
205,0.3937774368,0.435
206,0.04207356635,0.435
207,0.01431434812,0.435
208,0.003774795427,0.435
209,-0.002012325493,-1.123589397e-05
210,-0.006890876089,5.54565972e-05
211,-0.01284867545,-2.119157534e-05
212,-0.01222383843,-4.793458145e-05
213,-0.0204808455,-0.006161236948
214,-0.06751748079,-0.06261113759
215,0.01839128683,0.0125331994
216,0.1355534986,0.009014043481
217,-0.00804669417,0.01048249941
218,-0.006843268324,0.01915208971
219,0.09586630442,0.03145872261
220,-0.02003660489,-4.896010497e-05
221,-0.02029149531,1.125868621e-05
222,-0.007821919058,1.500981944e-05
223,1.550755197e-05,-6.400264896e-06
224,0.2156403213,0.435
225,0.2272771792,0.435
226,0.0293246505,0.002848446844
227,-2.204243438e-05,-1.183082227e-05
228,0.1751962424,0.435
229,0.2302549975,0.4289896527
230,0.1531640053,0.3588346514
231,-0.003035710805,-6.60482252e-05
232,-0.002879865155,-8.236015128e-05
233,-0.005379352815,4.312478585e-05
234,-0.0001398592116,1.196678903e-06
235,0.09326802603,0.08865398401
236,0.08395624752,0.1118824293
237,-0.01672492461,8.884687282e-05
238,0.0001279864211,-5.382923907e-05
239,0.3255997541,0.435
240,0.08361082703,-0.06807297307
241,0.04838927415,-0.09219376963
242,0.00714778119,-2.768601185e-05
243,-0.007696652426,7.018616639e-05
244,-0.0001462099049,5.010110363e-05
245,-4.344121665e-05,5.336215454e-05
246,-0.02750961135,-0.09547344856
247,-0.03564073058,-0.1193866716
248,-0.01054519267,-1.843779784e-05
249,-3.92503754e-05,1.497865013e-05
250,0.1702561112,0.1313976282
251,-0.1514175344,-0.1065450931
252,-0.01146828009,0.007994130433
253,-0.01043474011,-4.762511841e-05
254,-0.002972225131,4.429163437e-06
255,0.000414235705,-1.736181935e-05
256,-3.796769673e-05,-8.874903456e-05
257,-0.1460240827,-0.153197187
258,0.09059033448,0.2912885209
259,0.01922863196,-1.286335119e-05
260,0.0002913523132,3.926671302e-05
261,0.01109544566,2.711026575e-05
262,0.1463011722,0.435
263,0.1695183179,0.35845949
264,8.377874288e-05,6.531513854e-06
265,0.002272798432,1.968146804e-05
266,-0.0002641965315,2.709716079e-05
267,0.003876626252,5.536055502e-05
268,-0.00117605112,-0.08039463112
269,-0.05252716666,-0.2397861573
270,0.2634336926,0.3788009386
271,-0.1254440924,-0.2927317862
272,0.002052657486,-1.518254031e-05
273,0.0007921036138,-5.953693223e-05
274,-0.0002503060452,-5.221111965e-05
275,-5.561802423e-05,-1.14245344e-05
276,0.02045711467,-2.957730495e-05
277,-0.004556865302,-1.911920701e-05
278,-0.007202408182,6.560809335e-05
279,0.02263089314,0.05531185589
280,0.03333153548,0.1122672915
281,-0.07649201346,-0.09315006224
282,0.07956474026,0.09093884689
283,-0.02343949817,-0.128329256
284,-0.0008031403896,-2.356906889e-05
285,7.606131885e-06,8.502967607e-05
286,2.841076321e-05,-6.350809731e-05
287,0.01535025333,-4.14506723e-05
288,0.004005388689,-4.874919328e-05
289,-0.003999294431,7.984903277e-06
290,0.003664155813,-0.02577613704
291,-0.07511996248,-0.07104881865
292,-0.08568087392,0.435
293,-0.09086111175,0.06202803074
294,-0.1225836442,0.04569050008
295,-0.05202720385,4.589322001e-05
296,-1.064642087e-06,3.414229928e-05
297,0.001854477379,0.0005907437532
298,-0.008695524665,0.0009343134893
299,0.01878604629,0.0009895905661
300,0.006308506956,-0.0004616754933
301,-0.02332977394,-0.1642183443
302,-0.2397620073,-0.4000277371
303,0.07047636548,0.04784538748
304,-0.2991506088,-0.435
305,-0.240009359,-0.3970445179
306,-0.1438436775,-0.320924973
307,-0.002471091425,0.0021547082
308,0.0005706645787,8.927427705e-05
309,-0.01597880501,-5.162363018e-05
310,-0.0215109679,-6.8310803e-06
311,-0.0139476536,3.6635683e-05
312,0.06501331851,0.1359193429
313,0.1813539874,0.2814922811
314,0.02768030161,-4.179257373e-05
315,0.08976168884,0.2056190253
316,0.245006937,0.2988611519
317,0.03328755023,0.05959407188
318,-0.004535552754,-4.147928052e-05
319,0.006529196351,-2.433205022e-06
320,0.00762163231,-2.856632145e-05
321,0.004296781602,8.761707761e-06
322,0.009506558604,5.855884283e-05
323,0.03373472376,0.04512123624
324,0.05597685002,0.03517929114
325,-0.03268286062,-0.04693461721
326,-0.392774787,-0.435
327,-0.0002250767985,0.001537251912
328,-0.09544680465,-0.01533475
329,-0.09887418417,-0.01904668867
330,0.002515798496,5.1801474e-05
331,-0.0009173903332,0.0007540504099
332,-0.0001824246401,-0.002493356605
333,0.0001442016267,-0.0008965192567
334,-0.009881630132,-0.0005858319469
335,6.306508416e-05,0.00304594973
336,-0.01658998432,0.003256322304
337,0.3809622083,0.435
338,0.0139600623,0.435
339,0.002951438842,0.435
340,0.0006382506532,0.435
341,-0.00221880237,-1.272845844e-05
342,-0.00607628872,2.049787984e-05
343,-0.0112975112,-2.608633265e-05
344,-0.01089204725,2.06324091e-05
345,-0.01682854645,-0.00258028047
346,-0.05555827005,-0.03514648171
347,0.01887729988,0.01825772951
348,0.1225984668,0.003515434127
349,0.01066261946,0.008954589183
350,0.01587814433,0.012786522
351,0.09706833296,0.01895588538
352,-0.0151211587,6.118610413e-05
353,-0.02069642951,-5.541780998e-05
354,-0.008435804243,3.490514886e-05
355,-0.0001987757949,9.01379489e-05
356,0.2393734619,0.3999977905
357,0.242551944,0.3997941591
358,0.02549810993,0.000734758998
359,0.000437168087,-1.545645568e-05
360,0.1726393727,0.3972134893
361,0.2385217796,0.3969167285
362,0.1439052212,0.3207723387
363,-0.003335040943,4.438811601e-05
364,-0.002779697988,-5.003510623e-05
365,-0.004188725386,-2.733148636e-05
366,0.0001241672986,-5.364737444e-05
367,0.08329941651,0.06259336952
368,0.07848488157,0.07912936781
369,-0.01226581651,6.89747338e-05
370,-1.055655886e-05,-1.958487052e-05
371,0.2606249047,0.435
372,0.09567088427,-0.06852720982
373,0.05338572341,-0.07551175847
374,0.006793183998,-2.049222541e-05
375,-0.006523365696,-1.420846819e-05
376,-0.0003064763106,-3.809916348e-05
377,0.0003120845281,5.014022706e-05
378,-0.006861435936,-0.04831919173
379,-0.03334189075,-0.1186936669
380,-0.01092654935,-1.48064147e-05
381,-0.0002681679345,3.991449811e-05
382,0.1438243678,0.1030073287
383,-0.1322096402,-0.09019333804
384,-0.007173766958,0.01618058535
385,-0.0084929117,-1.490402916e-05
386,-0.004135576498,-1.378004428e-05
387,0.001398049839,-1.020265516e-05
388,0.0007641616795,5.253489127e-05
389,-0.1108539052,-0.09967434375
390,0.0750594373,0.2572367527
391,0.02054648735,4.634773177e-05
392,-0.002707631961,-2.083619984e-05
393,0.008227733208,-2.731177314e-05
394,0.1000466793,0.435
395,0.1681266696,0.3275637001
396,1.881574714e-05,0.0003406062845
397,0.00185216582,0.0004815657121
398,0.0006928504551,0.002210587337
399,0.003648943961,0.001312059584
400,-0.0005318658017,-0.06292383191
401,-0.05539795276,-0.242311467
402,0.2329320236,0.3472511048
403,-0.1288371412,-0.2784268622
404,0.001931559299,0.0009333346578
405,0.0005194982564,-0.0005555948033
406,-0.0001529807802,-0.001388940295
407,1.878119497e-05,-3.742219818e-05
408,0.01873628694,1.289657768e-05
409,-0.003985375619,-2.79944424e-05
410,-0.007111355408,-3.312755596e-05
411,0.02487502844,0.05873031997
412,0.03097325803,0.1003567295
413,-0.07072900233,-0.08042575372
414,0.07473695138,0.08449970175
415,-0.01792460009,-0.1165702732
416,-0.0006718792759,2.341535395e-05
417,2.171609179e-06,4.114432037e-05
418,1.229700906e-05,-1.274677079e-05
419,0.01470464338,-8.136907924e-05
420,0.003757590389,-4.385668915e-06
421,-0.003994279251,9.396390942e-05
422,0.003256273617,-0.01839445648
423,-0.06745505522,-0.05677089248
424,-0.1022453899,0.435
425,-0.07747540325,0.06365497801
426,-0.1117407176,0.04552466756
427,-0.04555487333,-2.705663207e-05
428,7.101778432e-05,-3.179429396e-05
429,2.026829488e-05,-2.952524933e-05
430,-0.007441870372,-1.094572535e-05
431,0.01785300919,-1.543915597e-05
432,0.004359329301,-0.0001124566434
433,-0.02512567941,-0.1697988814
434,-0.2101025963,-0.4054753775
435,0.06684947191,0.03847805618
436,-0.2620466734,-0.435
437,-0.2093253762,-0.3954669377
438,-0.1387611509,-0.3010100202
439,5.574788567e-05,4.257587643e-05
440,0.0007035565337,-4.12268312e-05
441,-0.01689741608,1.192242295e-05
442,-0.02085909586,-5.160999354e-05
443,-0.01281195995,-5.478910947e-05
444,0.07137302765,0.1405259133
445,0.1793929313,0.2644097163
446,0.02947512441,-4.044191441e-05
447,0.06456043338,0.1996469721
448,0.2247773342,0.2813038442
449,0.02622469024,0.04905227836
450,-0.002217173815,-2.008445531e-05
451,0.006743265417,-6.304406256e-05
452,0.006502648412,-4.961586835e-06
453,0.004266543447,-1.858073051e-05
454,0.009093600651,3.8948966e-05
455,0.03141588238,0.04095620568
456,0.04564253459,0.02401278891
457,-0.01697718257,-0.02634008067
458,-0.3198320291,-0.435
459,-0.006471178713,0.0001822968299
460,-0.07936626774,-0.01157444824
461,-0.08169939665,-0.01391308227
462,0.003770301536,4.869189679e-06
463,-0.0009015066931,-9.165469865e-05
464,-0.0005002876197,1.848518966e-05
465,3.545804953e-05,-3.403474815e-05
466,-0.008308644611,9.572845767e-05
467,1.219216085e-05,-9.896244565e-06
468,-0.0164225237,2.357169316e-05
469,0.3402679689,0.435
470,0.01144139885,0.3913430966
471,0.00157123277,0.3912155237
472,1.93237002e-05,0.3912465801
473,-0.002240826362,8.467778239e-05
474,-0.005320965476,2.124503189e-05
475,-0.01039978539,-3.454319488e-05
476,-0.0101345835,1.911130856e-05
477,-0.01773249932,-0.001342821754
478,-0.04548016591,-0.02394409181
479,0.02439724404,0.02334703816
480,0.1014298703,0.00199636719
481,0.01326071363,0.007622487442
482,0.01500108181,0.01004375648
483,0.08024069116,0.01404167224
484,-0.01790178077,-7.693301404e-06
485,-0.01786520182,3.74016981e-05
486,-0.005491980736,3.233440237e-05
487,7.623770048e-05,7.008923302e-05
488,0.2041306443,0.4052143786
489,0.2109540215,0.4055039327
490,0.02319598135,0.0002557965106
491,-1.363357215e-06,1.009043902e-05
492,0.1257132636,0.4011480968
493,0.2089307178,0.3954583011
494,0.1394952554,0.3009949024
495,-0.003176993687,-6.346071948e-06
496,-0.003532083849,-2.04763644e-05
497,-0.00447110975,1.321639508e-05
498,0.001277512383,5.156491281e-05
499,0.07650748579,0.04940012448
500,0.06999082166,0.06248000147
501,-0.01416548832,-3.684420325e-06
502,0.001765980522,-1.088313485e-05
503,0.2559226041,0.435
504,0.0794104838,-0.06861501997
505,0.0502964919,-0.06666577653
506,0.006725190839,5.231709104e-05
507,-0.005999906807,-4.547908302e-05
508,-6.085218192e-05,1.579215872e-05
509,5.102904092e-05,5.444932143e-06
510,0.0118395362,-0.03231176873
511,-0.03373155817,-0.1134354725
512,-0.01039876239,-1.383606563e-05
513,-6.838831163e-05,-1.618891711e-05
514,0.1276392333,0.08837512818
515,-0.1266672293,-0.08200397421
516,-0.003767704277,0.01982876741
517,-0.009214882876,3.360192581e-05
518,-0.001552623356,4.381005032e-05
519,4.604051803e-06,-4.142491041e-05
520,5.730495063e-05,-1.826356675e-05
521,-0.08475038716,-0.06686772025
522,0.0852781367,0.2427348967
523,0.01505734414,2.951936177e-05
524,0.0001052774595,-3.977605189e-06
525,0.006500399129,4.297005289e-05
526,0.08191109628,0.4180241852
527,0.1524513753,0.3124052098
528,1.993052546e-05,-5.149862266e-05
529,0.001708897354,9.948906688e-05
530,0.001266520895,6.422466888e-05
531,0.003206150819,2.510534339e-05
532,0.000937535516,-0.05544628741
533,-0.05189948704,-0.2316984342
534,0.2139224694,0.327753611
535,-0.1194579834,-0.2677059972
536,0.001806015935,8.811734082e-06
537,0.0003747836573,-2.159006359e-05
538,-5.582054002e-05,-3.429868218e-05
539,1.141647345e-05,1.090292717e-05
540,0.01760614931,-4.18327026e-05
541,-0.003558062286,-6.12326853e-05
542,-0.006862317854,5.886100643e-05
543,0.02678904376,0.06325738384
544,0.02808067957,0.09190259177
545,-0.07466649658,-0.07146040073
546,0.0642306067,0.07654809705
547,-0.01640182672,-0.1083313148
548,-0.0004676340179,-6.332523908e-06
549,6.177875959e-05,-2.994609559e-05
550,-2.027772231e-05,5.766780061e-06
551,0.0128869237,-2.497435056e-05
552,0.003481837563,7.075308674e-05
553,-0.003994237756,-1.340270443e-05
554,0.001898747686,-0.01399898267
555,-0.05997197352,-0.04728064683
556,-0.08032640632,0.4281766908
557,-0.07024437198,0.06357839691
558,-0.1019404422,0.04446223906
559,-0.04086343502,-6.354937165e-05
560,2.870754683e-05,4.684786254e-05
561,-1.473255589e-06,5.940347253e-05
562,-0.007423859522,-4.777837914e-05
563,0.01652638174,5.731768243e-05
564,0.003882574159,6.074866322e-05
565,-0.02347559393,-0.1687145077
566,-0.1814342793,-0.3852948321
567,0.0665598016,0.03249190161
568,-0.2385341616,-0.4206392601
569,-0.1925879929,-0.3770791991
570,-0.1273071882,-0.2953853944
571,1.550949152e-05,2.789395378e-05
572,0.0006529470949,-2.383162463e-05
573,-0.01606517756,5.627329809e-05
574,-0.02032908205,3.25700827e-05
575,-0.01206829081,-3.275272382e-05
576,0.07305930814,0.1468426738
577,0.1624965106,0.2610533779
578,0.02902133502,3.307859435e-05
579,0.0444972703,0.2053245911
580,0.2106092086,0.2685452664
581,0.02268804872,0.04242749106
582,-0.001970475257,5.722949703e-05
583,0.006119416886,3.953544071e-05
584,0.005892101465,4.140878076e-05
585,0.004038241186,5.181386074e-05
586,0.008654100785,-9.969253581e-06
587,0.03046076666,0.0365623062
588,0.04069317632,0.01774020158
589,-0.008963875595,-0.01700380923
590,-0.3372961211,-0.435
591,-0.009800579753,-0.0004968707295
592,-0.07124795446,-0.009519812903
593,-0.07311257904,-0.01121712303
594,0.004408783778,-3.348318669e-05
595,-0.0007663689067,7.524574914e-05
596,-0.0003843968121,0.0001260414641
597,-1.295571714e-05,-3.786924974e-05
598,-0.007460043601,1.726551198e-05
599,8.908403675e-06,-3.900918433e-05
600,-0.01588991992,2.90150051e-05
601,0.3264245139,0.4232663085
602,0.01005517747,0.3550673674
603,0.0008203364362,0.3549259048
604,-3.477800614e-05,0.354966948
605,-0.002304367861,2.426062363e-05
606,-0.004932960316,1.240157412e-05
607,-0.009520349565,-3.793931926e-05
608,-0.009713647432,-6.443706228e-05
609,-0.01466272757,-0.000797914861
610,-0.04052030089,-0.01776824466
611,0.02536123767,0.02314649097
612,0.08856974545,0.001249161475
613,0.01489303624,0.006621429137
614,0.01621310044,0.008406741258
615,0.07183941278,0.01110877624
616,-0.01647095835,-4.207376135e-06
617,-0.01584278977,2.337822546e-05
618,-0.005210167972,3.93509715e-05
619,-5.543039844e-05,-2.324300886e-06
620,0.1814938157,0.3858532006
621,0.1838303143,0.3853651818
622,0.02226539365,8.473742085e-05
623,-9.972122796e-05,-5.925818017e-06
624,0.1257779703,0.3703067198
625,0.1924709871,0.3769873058
626,0.1278825232,0.2954419949
627,-0.002961120275,3.777903558e-05
628,-0.002752564527,6.594644618e-05
629,-0.003495520282,-3.816280835e-05
630,1.908602232e-05,-2.046287931e-05
631,0.06480362708,0.04094873714
632,0.06104477772,0.05181405945
633,-0.008826339177,1.328730086e-05
634,-9.092534503e-06,2.970904014e-05
635,0.2427382475,0.435
636,0.07400582681,-0.06755750748
637,0.04507796855,-0.06070766188
638,0.006287261304,0.0005192587194
639,-0.005624043341,-0.001174739333
640,-8.060430279e-05,-0.0006911082253
641,7.838386797e-05,0.0004531165253
642,0.003148600084,-0.02439107783
643,-0.03464679858,-0.1113174258
644,-0.01016543549,-0.0002858011022
645,-2.756261654e-05,0.0006041864779
646,0.1226922285,0.07833427863
647,-0.1175982176,-0.07453118765
648,-0.001038687084,0.02260250214
649,-0.008745255093,1.971386686e-05
650,-0.001319065576,-8.258715028e-05
651,-2.883754715e-05,1.912547223e-05
652,6.693926115e-05,2.409077481e-05
653,-0.06458315038,-0.05047819482
654,0.07718305366,0.2420052322
655,0.01343111323,-4.755235579e-05
656,7.566384883e-05,-4.953440831e-06
657,0.005385583471,-4.155900767e-05
658,0.05567070941,0.3964708591
659,0.1427977759,0.3101811935
660,-5.567482889e-05,8.029889461e-06
661,0.001589986871,-3.211753318e-06
662,0.00152948046,-4.639796871e-05
663,0.003024258235,-5.11329915e-05
664,0.0008319712875,-0.05198415763
665,-0.04981740879,-0.2207267263
666,0.2036424319,0.3156700217
667,-0.1142601417,-0.2641816537
668,0.001677863868,1.43098549e-05
669,0.0001829602312,8.772742729e-05
670,-0.0001236506009,1.500047468e-05
671,1.718601318e-05,-5.641162042e-06
672,0.01718087363,1.729291303e-05
673,-0.003299661366,-4.595413388e-05
674,-0.006659079865,-2.318143929e-05
675,0.02636466223,0.06139429856
676,0.02690977179,0.08696766733
677,-0.06727621894,-0.06700927555
678,0.0626341781,0.07614962125
679,-0.01635742635,-0.1043165215
680,-0.0005072406337,6.500235187e-07
681,-5.233251683e-05,-4.833780888e-05
682,1.290258875e-05,6.625907144e-05
683,0.01179089111,6.517167218e-05
684,0.003307156769,4.648484522e-05
685,-0.004050907746,-1.584359675e-05
686,0.001399923074,-0.01244291952
687,-0.05586409535,-0.0422910566
688,-0.07122897042,0.4304887943
689,-0.06540722557,0.06358554725
690,-0.09498469332,0.04406918769
691,-0.03868978444,-4.204570302e-05
692,-2.853747439e-05,1.293008755e-05
693,-4.574800605e-05,-3.226124916e-05
694,-0.00735138647,-7.035468241e-05
695,0.0158029346,-1.287939717e-05
696,0.003595256558,-3.814861726e-05
697,-0.02164997843,-0.1649994169
698,-0.1687047663,-0.3706872183
699,0.06112268347,0.02893854318
700,-0.2252443079,-0.4070763499
701,-0.1880183262,-0.3654580577
702,-0.121359876,-0.2817862142
703,1.174645053e-05,4.072161256e-06
704,0.0006159498443,5.070023925e-05
705,-0.01542294297,-6.228101126e-06
706,-0.01984030379,4.945667249e-05
707,-0.01165373017,1.200590425e-05
708,0.07136643312,0.1431606616
709,0.154045331,0.2470441118
710,0.02808003552,2.819270517e-05
711,0.01508200858,0.1979495443
712,0.2021424122,0.2640628538
713,0.02072012459,0.03889771497
714,-0.00176259455,2.947958024e-05
715,0.006244025483,1.563689024e-05
716,0.00545480598,-1.318216742e-05
717,0.00395348586,-4.252182951e-05
718,0.008383722823,4.001876905e-06
719,0.02870926654,0.03396275535
720,0.03656567961,0.01470489025
721,-0.001553859464,-0.01244728619
722,-0.299072856,-0.435
723,-0.01345149688,-0.0009119050153
724,-0.06703523968,-0.008404476611
725,-0.06868517176,-0.009793245288
726,0.004753016715,-3.168960646e-05
727,-0.0007055977268,-8.257580742e-06
728,-0.0003414814113,1.701809605e-05
729,-1.77983163e-05,-4.868922847e-05
730,-0.007054684155,-4.885701793e-05
731,1.594474116e-05,1.248326176e-05
732,-0.01575715488,-1.485508617e-05
733,0.3094796215,0.407095958
734,0.008435900826,0.3303054271
735,0.0007103687515,0.3303119071
736,4.363959787e-05,0.3302839989
737,-0.002309248335,1.273264692e-05
738,-0.00464930306,-4.996417361e-05
739,-0.009121668118,5.089394794e-05
740,-0.009428790622,6.131619788e-06
741,-0.01317729389,-0.0005611092336
742,-0.03648681265,-0.01477349158
743,0.02548356125,0.02309768231
744,0.08169712802,0.0009123648899
745,0.01734624151,0.006073857295
746,0.01893172892,0.007559595026
747,0.06762762134,0.009742375386
748,-0.01638082837,-3.873508913e-05
749,-0.01593578266,7.663208887e-06
750,-0.004833253486,-1.93785026e-05
751,-0.0001638609669,-6.65317627e-05
752,0.1688590792,0.371494022
753,0.1700235124,0.3707361655
754,0.02107332034,1.990945247e-05
755,6.491749213e-05,8.972056176e-07
756,0.1379530273,0.3539601643
757,0.1878988047,0.3654060276
758,0.1219376914,0.2817747028
759,-0.002817589897,5.038241427e-06
760,-0.002497071088,2.185233882e-06
761,-0.00330057222,-9.99748344e-06
762,-2.880590943e-05,-6.330977891e-05
763,0.06005233509,0.03650426646
764,0.05661892399,0.04628443461
765,-0.007494568292,0.0001547957934
766,8.821529186e-07,-9.119379692e-05
767,0.2175635097,0.435
768,0.0689087835,-0.06715168832
769,0.04347927467,-0.05782387336
770,0.006118120918,-5.74254109e-05
771,-0.005516065184,6.576436872e-06
772,-7.383792964e-05,1.269666572e-05
773,1.604122302e-06,-1.42275192e-05
774,0.005098878872,-0.01977783533
775,-0.03267127171,-0.106533302
776,-0.01011790722,6.10716201e-05
777,-6.205211663e-06,-6.280436235e-05
778,0.1137984979,0.07297469479
779,-0.1139159468,-0.07196186389
780,0.00018239065,0.02376572598
781,-0.008307456931,4.196430093e-05
782,-0.001171924441,4.882248731e-05
783,5.418972282e-05,2.463382435e-05
784,8.720070288e-05,-2.158012368e-05
785,-0.0546939941,-0.04105850833
786,0.07253892603,0.2297352118
787,0.01240098842,-8.583994936e-06
788,7.593967986e-05,-1.229200039e-05
789,0.004848455747,5.114711667e-06
790,0.02901285225,0.3839918275
791,0.1347603449,0.2988091471
792,-2.79909468e-06,-5.707096614e-05
793,0.001521527312,-1.067500567e-05
794,0.00171103026,4.09588047e-05
795,0.002917005892,1.39623104e-05
796,0.0005867207923,-0.05136962358
797,-0.04981051449,-0.217761246
798,0.198639592,0.313784238
799,-0.1104774032,-0.2610141082
800,0.001677391935,-1.87215086e-05
801,0.0001960431495,2.008793269e-05
802,-9.147758219e-05,7.384317109e-05
803,1.677590523e-05,4.170665675e-05
804,0.01676034001,-2.329786164e-05
805,-0.003211155706,1.929358171e-06
806,-0.006562379714,-7.852057946e-06
807,0.02612368175,0.06088539131
808,0.02593510453,0.08633097773
809,-0.06278831268,-0.06650705555
810,0.06220874073,0.07654326093
811,-0.01562164013,-0.1039128555
812,-0.0004126024151,-1.040512917e-06
813,-6.986508242e-05,-3.326496885e-05
814,-3.207556109e-05,-3.466347555e-05
815,0.01144061417,2.515376018e-05
816,0.003145211128,9.611048918e-06
817,-0.004025068602,5.07566084e-05
818,0.001300114006,-0.01104280774
819,-0.05385428132,-0.04168810783
820,-0.07172569422,0.4111052654
821,-0.06281772532,0.06367328236
822,-0.09124116382,0.04401607579
823,-0.03725349011,-8.844481954e-06
824,8.118755874e-05,-2.187111048e-05
825,0.0001557952537,2.975153065e-05
826,-0.007238353636,-2.263947476e-06
827,0.01572992484,-3.271490602e-05
828,0.003422543483,-3.670248112e-06
829,-0.02189023868,-0.1598095432
830,-0.1648633646,-0.3640266536
831,0.05826043938,0.02841349887
832,-0.2204308473,-0.4019655417
833,-0.1867521676,-0.3622099155
834,-0.1184999661,-0.2793627658
835,0.0002249839093,-4.940792836e-05
836,0.0005431554343,-6.548056943e-05
837,-0.01509881275,8.318940868e-06
838,-0.01937872562,1.465309458e-05
839,-0.01140263744,7.610019337e-06
840,0.069404193,0.142005066
841,0.1499949212,0.244420513
842,0.02740630209,-2.877891951e-05
843,0.01394042841,0.1921855575
844,0.193938653,0.2609619164
845,0.01926800935,0.03858061828
846,-0.001716221359,6.12890529e-05
847,0.006373440588,6.76194895e-06
848,0.005278440679,2.13638058e-05
849,0.00394220738,5.341366266e-05
850,0.008253161506,-8.020510804e-05
851,0.02762094149,0.0336479272
852,0.03488833797,0.01442901368
853,0.002374794443,-0.01023910644
854,-0.2821654788,-0.435
855,-0.01608955482,-0.001106429344
856,-0.06521088597,-0.008211004469
857,-0.06678892452,-0.009606445064
858,0.004904027648,2.830726397e-05
859,-0.0006471864264,-0.0001474258573
860,-0.0003162821516,5.503094108e-05
861,-2.89384237e-05,8.654737653e-05
862,-0.006916868428,-4.075680166e-06
863,-3.732802836e-05,-9.038123119e-05
864,-0.01551002866,2.692992317e-06
865,0.3022485548,0.4047532763
866,0.006128621878,0.3261425378
867,0.0004752224232,0.3259465566
868,-2.742323888e-06,0.3260528248
869,-0.002279094988,7.866286277e-05
870,-0.004616385497,4.073538737e-05
871,-0.008853890862,2.012525523e-07
872,-0.00914627367,1.557442547e-05
873,-0.01274672504,-0.0004432142435
874,-0.0347728313,-0.0144160894
875,0.02550136834,0.02302730186
876,0.078790793,0.0009114821022
877,0.01919291302,0.005965911067
878,0.02079356155,0.007456998246
879,0.06580787586,0.009631812314
880,-0.01565727523,2.211484609e-05
881,-0.01528032568,7.936325923e-06
882,-0.004471705229,-2.925464936e-05
883,-3.007443474e-05,3.133181449e-05
884,0.1646341979,0.3647020312
885,0.1663444775,0.3639473803
886,0.02035549618,3.387698161e-05
887,4.726369669e-05,-4.91397875e-05
888,0.1289776743,0.3492197905
889,0.1861809497,0.3622676557
890,0.1199042882,0.2793203339
891,-0.00274751403,-4.291860722e-05
892,-0.002384429873,-2.940249064e-05
893,-0.003233869166,2.281168592e-05
894,7.080450694e-05,5.709047305e-05
895,0.05805056602,0.03618986661
896,0.05426558256,0.04553395717
897,-0.006728735719,6.622395878e-05
898,1.875764248e-05,-3.179206246e-05
899,0.2046030889,0.4228861811
900,0.06587390403,-0.06701054609
901,0.04257374966,-0.05752125271
902,0.005877638418,1.808778333e-06
903,-0.005355442798,-2.961638358e-05
904,-0.0001035769819,-1.236678493e-05
905,4.20549741e-05,5.190182087e-05
906,0.006042864026,-0.01932513449
907,-0.03225007419,-0.1052188355
908,-0.01008590263,3.065327477e-05
909,1.2384602e-05,-2.744095464e-05
910,0.1083259024,0.07240470775
911,-0.1123385032,-0.07231760918
912,-5.782669269e-05,0.02393752951
913,-0.00819684192,5.345972827e-05
914,-0.001209537729,-7.128344077e-05
915,1.656422022e-05,6.195788997e-05
916,4.721063743e-05,-3.416262968e-05
917,-0.04862305981,-0.04044650053
918,0.06983036595,0.2260326102
919,0.01192428835,-7.807858038e-05
920,7.140539285e-05,2.85255141e-05
921,0.004571944797,4.486752643e-06
922,0.03125117216,0.3840634171
923,0.1304258629,0.2954295932
924,-8.159749754e-05,-5.124774147e-06
925,0.001351182123,2.152382956e-05
926,0.001904200059,-2.395770004e-06
927,0.002807291267,8.773131427e-06
928,-9.980885412e-05,-0.05169538502
929,-0.04957845902,-0.2181715146
930,0.190153105,0.3133948766
931,-0.1069433973,-0.2605810722
932,0.001642837092,-2.640445994e-05
933,0.0001442522791,1.664079006e-05
934,-5.060604703e-05,6.80754857e-05
935,3.430021331e-05,-2.412117055e-05
936,0.01629226082,4.523465068e-05
937,-0.003059332531,-5.419965208e-05
938,-0.006561363525,-3.344436358e-05
939,0.02594913639,0.06120823864
940,0.02326662751,0.08650955363
941,-0.05871547572,-0.06597210378
942,0.05782834863,0.07633967313
943,-0.012844741,-0.1037343027
944,-0.0004574257932,7.317420431e-05
945,8.135125182e-08,-3.867690581e-05
946,7.324938568e-06,-1.793272332e-06
947,0.01066619058,-2.342986746e-05
948,0.003200409145,1.457022283e-06
949,-0.003977312579,1.428593337e-05
950,-0.0002585414095,-0.01060709358
951,-0.05158106191,-0.04149874792
952,-0.05860559777,0.4066675497
953,-0.06267265314,0.06363970175
954,-0.08947345345,0.04381082091
955,-0.0341520358,3.53902208e-06
956,5.543352896e-05,1.79118022e-05
957,-5.34701999e-05,-2.793577599e-05
958,-0.006925581339,1.537638529e-05
959,0.01487057896,-1.537065602e-05
960,0.003216189989,-1.653141913e-05
961,-0.02584770206,-0.1602984322
962,-0.1631274301,-0.3637902154
963,0.05588436449,0.02835352093
964,-0.212050767,-0.4011983407
965,-0.1770142857,-0.3618343715
966,-0.1151125676,-0.2791043303
967,3.07658306e-05,-4.753420032e-05
968,0.0004797589223,4.460314082e-05
969,-0.01508382944,2.074263042e-05
970,-0.01908878739,1.396835628e-05
971,-0.01105618023,-1.613346435e-05
972,0.06612480643,0.1421351297
973,0.1467101952,0.2446724254
974,0.02658837067,3.230838645e-05
975,0.03198922696,0.1915764309
976,0.1846820952,0.2604904305
977,0.01742587056,0.03831221071
978,-0.001645909106,-9.566504087e-05
979,0.006111876856,0.0001103421012
980,0.005055786606,-8.816735222e-06
981,0.003803800078,3.830386398e-05
982,0.007857842123,-7.970739574e-05
983,0.02637042602,0.03325749081
984,0.03342784336,0.01412810337
985,0.004106405618,-0.009285266483
986,-0.2774202677,-0.435
987,-0.01711264278,-0.001300062649
988,-0.06231755059,-0.008138796979
989,-0.06378236517,-0.009515460414
990,0.005074396744,0.0001609907015
991,-0.000584192566,0.0001605920187
992,-0.0002441460376,-9.481704264e-05
993,7.330254172e-05,1.660603604e-05
994,-0.006881649151,7.028134485e-05
995,-7.743600592e-05,1.242131041e-05
996,-0.01502335794,0.0001455969483
997,0.2937089411,0.404398282
998,0.005837128984,0.3249511247
999,0.0004693226638,0.3249880821
1000,-6.447507672e-05,0.3247990033
1001,-0.002342162988,-7.125558708e-05
1002,-0.004355342244,-7.206631003e-05
1003,-0.008431088108,-3.406080842e-05
1004,-0.008772975381,-7.065211202e-05
1005,-0.01259553305,-0.0004547302303
1006,-0.03338082575,-0.01424351421
1007,0.02506608864,0.02303245288
1008,0.07389227421,0.0009321360934
1009,0.02030631897,0.00605790904
1010,0.02133520434,0.007424651523
1011,0.06274465716,0.009508078316
1012,-0.01533235999,-4.600047629e-05
1013,-0.01493055709,-8.183913105e-05
1014,-0.004092453137,-8.287297696e-05
1015,-2.925062777e-05,4.827307297e-05
1016,0.1611618007,0.3645204505
1017,0.1641745658,0.3638414722
1018,0.01955238202,8.668908858e-05
1019,2.112446726e-05,-5.736475721e-06
1020,0.120140933,0.3488068336
1021,0.1769325388,0.3618456393
1022,0.1159237128,0.2791218789
1023,-0.002742732894,2.898902674e-05
1024,-0.002408326187,-8.218363831e-06
1025,-0.003024365008,-7.26753924e-06
1026,4.450848363e-05,1.960763764e-05
1027,0.0554006286,0.03613650256
1028,0.05171503291,0.045211443
1029,-0.006002026378,-7.341657992e-05
1030,-3.256884036e-05,-2.462711236e-05
1031,0.1941362787,0.418226376
1032,0.06562401701,-0.0670819683
1033,0.04160653823,-0.05716874886
1034,0.005900961491,2.494384535e-05
1035,-0.004945854833,-7.72144757e-05
1036,-8.879224942e-05,3.581872728e-05
1037,1.162411397e-05,1.117992103e-05
1038,0.006627323037,-0.01921475478
1039,-0.03124516166,-0.1054412326
1040,-0.009935960398,-1.877189146e-05
1041,-2.606937047e-05,8.964108618e-07
1042,0.1025424271,0.07192407017
1043,-0.1067667256,-0.07204603104
1044,-0.001038142356,0.02414577187
1045,-0.007889079981,5.40201139e-05
1046,-0.001061407992,1.036444687e-05
1047,3.496838365e-05,-2.352770176e-05
1048,2.286497326e-05,-2.97157893e-05
1049,-0.04509312931,-0.039782043
1050,0.06868272274,0.2262201968
1051,0.01132312008,3.938844476e-05
1052,4.832488683e-05,-8.766112315e-05
1053,0.004212650875,3.972230822e-05
1054,0.02493220719,0.3816146682
1055,0.1255865059,0.2950925094
1056,-5.864979295e-05,5.885727403e-05
1057,0.001067764357,-3.327708896e-05
1058,0.001734311396,4.51508795e-05
1059,0.002431267529,2.996871395e-06
1060,0.001638580988,-0.05266235719
1061,-0.05457881484,-0.2206072957
1062,0.1690954702,0.3073399712
1063,-0.1004364597,-0.2580236271
1064,0.001549860438,7.0303979e-06
1065,8.802400894e-05,7.167721057e-05
1066,-0.0001060661248,5.741821164e-05
1067,3.819346537e-05,2.724522133e-05
1068,0.01406436068,4.424976925e-05
1069,-0.002754270558,1.590277488e-05
1070,-0.006896746417,9.674487527e-06
1071,0.01595446043,0.0626486299
1072,0.009474631675,0.08537051169
1073,-0.04422034976,-0.05769502657
1074,0.04515239584,0.07498813818
1075,-0.009735562973,-0.1009316833
1076,-0.0003120344209,2.368229107e-05
1077,-2.640475655e-05,1.21656557e-05
1078,-2.540402085e-05,6.780527354e-06
1079,0.008744279354,-3.578841088e-05
1080,0.003409361343,8.002417908e-05
1081,-0.003303229489,-4.172058977e-05
1082,-0.006200224046,-0.009446456431
1083,-0.05001206636,-0.0386328464
1084,-0.03046775189,0.4007981683
1085,-0.06477098633,0.06541241318
1086,-0.08610087989,0.04015588925
1087,-0.02472693322,-3.493873465e-05
1088,-2.012333307e-05,1.372802443e-05
1089,1.900112209e-05,2.48880229e-05
1090,-0.005475461004,2.671331051e-05
1091,0.01407012286,2.369503333e-06
1092,0.002108221231,3.345254048e-05
1093,-0.04253457269,-0.1708324513
1094,-0.1643379894,-0.3670800183
1095,0.04857123517,0.02662124139
1096,-0.1917624664,-0.3982640054
1097,-0.1626119767,-0.3589980585
1098,-0.1144378622,-0.2749095143
1099,6.900280369e-06,3.063404792e-05
1100,0.0003914745118,-2.613863942e-05
1101,-0.01415270563,6.122141027e-05
1102,-0.01800135504,7.286638763e-06
1103,-0.009456190339,1.554961859e-06
1104,0.06610058481,0.1419576238
1105,0.1418048847,0.2442470217
1106,0.02358219455,8.214499371e-07
1107,0.05107409734,0.1928417626
1108,0.1376808154,0.2568216694
1109,0.01092862816,0.03319363025
1110,-0.001166183674,-3.748005552e-05
1111,0.005427908783,-5.562028539e-05
1112,0.00399806934,-2.61906402e-05
1113,0.003104974831,6.202401549e-05
1114,0.006423758406,4.934569472e-05
1115,0.01703459575,0.02847623527
1116,0.02265768325,0.01122063752
1117,0.002712517981,-0.007695186429
1118,-0.2212916691,-0.435
1119,-0.02346871877,-0.001080280387
1120,-0.0549398476,-0.006795989457
1121,-0.05613963461,-0.007834392946
1122,0.004879185127,-2.557476394e-05
1123,-0.0003714839855,0.0001057017984
1124,-0.0001454442944,-3.443363246e-05
1125,5.678062056e-05,2.244114013e-05
1126,-0.006802883852,7.864937856e-06
1127,-1.341799398e-05,-8.789108904e-06
1128,-0.01306282096,-2.937333075e-05
1129,0.2565466948,0.3950849553
1130,0.001680736808,0.3158699945
1131,0.000186056989,0.3157844169
1132,1.343816012e-05,0.3157699318
1133,-0.002364281028,-5.228936366e-06
1134,-0.003465762395,1.470356502e-05
1135,-0.006763349839,0.0001024046456
1136,-0.00715720428,9.14723996e-06
1137,-0.01125142474,-0.0003371086654
1138,-0.0227566051,-0.01120082448
1139,0.02517000788,0.0239350285
1140,0.06085960489,0.0008026720758
1141,0.0248196963,0.005326872222
1142,0.02640209796,0.006166200357
1143,0.055393083,0.007846813163
1144,-0.01447819364,-1.617763366e-05
1145,-0.01404830581,2.989856879e-05
1146,-0.002886537819,6.184499867e-05
1147,-1.728262737e-05,-2.180323062e-05
1148,0.1627935294,0.3679152533
1149,0.164949141,0.3671090637
1150,0.01638396932,6.775124422e-05
1151,-8.849086843e-05,-1.230304342e-05
1152,0.1158079906,0.3470396792
1153,0.1623696818,0.3590186795
1154,0.1152778453,0.2748536877
1155,-0.003039482406,2.052409451e-05
1156,-0.00273921502,3.672077928e-05
1157,-0.002221469689,-3.789768761e-05
1158,9.736778983e-06,-3.096608741e-05
1159,0.05207331528,0.03333567171
1160,0.05013107837,0.04198851701
1161,-0.003756025095,2.631310445e-05
1162,3.08220418e-05,-5.366506958e-05
1163,0.1735125138,0.4110842105
1164,0.06816647719,-0.06842678022
1165,0.03934544702,-0.0553983931
1166,0.005999368228,-4.125980521e-05
1167,-0.003603408698,4.433372459e-05
1168,-9.781348777e-05,1.756310789e-05
1169,6.756891349e-05,-9.206613114e-06
1170,0.006817953961,-0.01801317486
1171,-0.01054440355,-0.1055547944
1172,-0.009127812128,5.010457225e-05
1173,4.037263329e-05,2.343546902e-05
1174,0.08629862512,0.06826318415
1175,-0.08425421588,-0.07055226899
1176,0.005358085446,0.02487422229
1177,-0.00672560514,-1.531414431e-05
1178,-0.000904144548,2.308683861e-05
1179,-1.457262417e-05,3.63224312e-06
1180,5.394559744e-05,-1.710736549e-05
1181,-0.03807318212,-0.03778234126
1182,0.07218787298,0.227657707
1183,0.009385766736,-2.593783732e-05
1184,6.904838276e-06,-7.991592729e-06
1185,0.003278278407,-2.047962369e-05
1186,0.01252539537,0.3769284902
1187,0.1169374267,0.2926814298
1188,-0.000120551836,4.287749853e-05
1189,0.0004587500992,4.536717057e-06
1190,0.002721568633,4.493333132e-06
1191,0.00146139593,1.83612002e-05
1192,-0.00136976696,-0.05295795284
1193,-0.04130826933,-0.2159505358
1194,0.09369140516,0.2200649468
1195,-0.07115506166,-0.2274644136
1196,0.001137443276,-1.038493048e-05
1197,0.0004184309215,-1.459735501e-05
1198,0.0001141567544,-7.057767831e-05
1199,-0.001133412516,0.004087764139
1200,0.01228742661,0.0001382112129
1201,0.0009630018788,0.003845226053
1202,-0.005022838662,-0.001309012715
1203,0.01855912285,0.06358018544
1204,0.008029480295,0.06715168678
1205,-0.01681944457,0.002558771486
1206,0.003363050617,0.003335580581
1207,-0.006924563581,-0.07129634606
1208,0.001589327678,0.005068099635
1209,0.002093412096,0.008009136189
1210,-3.160925843e-05,1.855373455e-05
1211,0.006590474994,-2.078963129e-05
1212,0.003098642831,-3.005112022e-05
1213,-0.003014191934,-5.978065546e-05
1214,-0.007509259865,-0.003307757293
1215,-0.03361565094,-0.00136012037
1216,-0.02755361496,0.361068212
1217,-0.06061381351,0.005198023256
1218,-0.07023076067,0.001727387165
1219,-0.01883467952,-5.235648074e-05
1220,-4.892793814e-05,5.060720338e-05
1221,-5.611701556e-05,-6.56260726e-05
1222,-0.003274890002,-0.0002509749192
1223,0.01174270521,-0.0007793610562
1224,0.0006877522336,0.0008142717749
1225,-0.05732903003,-0.2449055679
1226,-0.1467016836,-0.3636627552
1227,0.03118272932,0.01599513226
1228,-0.136985018,-0.3590598154
1229,-0.1162292003,-0.3358044016
1230,-0.07290365026,-0.2291991296
1231,-5.987118008e-05,-0.0005175211691
1232,0.0002229104401,5.745047167e-05
1233,-0.01252115338,5.623230189e-06
1234,-0.01650276099,-1.397519523e-05
1235,-0.006619797292,7.644706392e-05
1236,0.02427609395,0.1323068427
1237,0.08540803262,0.2226945231
1238,0.01773005326,-2.996526455e-05
1239,0.05076184099,0.182921999
1240,0.09997912663,0.2156809435
1241,0.0001925915714,0.000476266387
1242,-0.0008150034234,-4.090626895e-05
1243,0.00437866724,2.208742308e-05
1244,0.002587677065,-3.144748233e-05
1245,0.002141021402,8.785638644e-06
1246,0.004419366001,7.055743756e-06
1247,0.01018163637,0.0006997381791
1248,0.01844613668,4.237199582e-05
1249,0.002934703462,-0.0001100255786
1250,-0.1476786337,-0.3890343942
1251,-0.01756815793,-3.246045305e-05
1252,-0.03762083716,4.166230373e-05
1253,-0.0382151966,-1.415979768e-05
1254,0.002390764887,3.365508439e-05
1255,0.0004149702392,-3.157318958e-05
1256,-0.0005110165432,-3.72379934e-07
1257,0.001617699927,7.734858331e-05
1258,-0.005983334274,-3.807510314e-05
1259,0.000167091589,1.076891771e-05
1260,-0.009087941676,1.348460234e-05
1261,0.1759223442,0.2586022026
1262,0.002557638088,0.2402197462
1263,0.00816219727,0.2403464399
1264,0.01302336783,0.2403501686
1265,-0.001418917381,8.576325399e-06
1266,-0.002322592615,4.323803532e-05
1267,-0.004568918403,-1.04090884e-05
1268,-0.004854586962,4.347275794e-05
1269,-0.008942353283,-1.347707107e-05
1270,-0.0184408565,1.335344042e-05
1271,0.01667674781,0.03248724535
1272,0.03442025294,0.0001448282189
1273,0.01867080572,0.0003761884954
1274,0.01833571114,8.028726044e-07
1275,0.03770025279,2.136029196e-05
1276,-0.01218013231,1.939903954e-05
1277,-0.01165382835,-8.773142568e-06
1278,-0.001193351444,-3.708265362e-05
1279,-2.380494325e-05,-7.222836434e-05
1280,0.1489426663,0.3631259469
1281,0.1468106802,0.3630522813
1282,0.01105122874,5.347232462e-05
1283,1.103105325e-06,-4.285025005e-05
1284,0.0919611218,0.3362815548
1285,0.116315983,0.3365055779
1286,0.07365180059,0.2292686149
1287,-0.002763162224,-5.293478524e-05
1288,-0.002582614489,-1.094498458e-05
1289,-0.0009105694897,6.699178855e-05
1290,4.510658106e-06,1.928437783e-05
1291,0.03429799568,0.001129193393
1292,0.03307701527,0.001024367078
1293,-0.001649755265,-3.080691526e-05
1294,5.691736116e-07,-9.991230718e-06
1295,0.104697354,0.3526278084
1296,0.06440978911,-0.005161649776
1297,0.04145289058,-0.00223720518
1298,0.00600824205,0.005001886824
1299,-0.002300059691,0.006917819778
1300,0.0003761029016,-0.00679976352
1301,-0.0009895138899,-0.0006881593577
1302,0.00783856166,-0.00552025613
1303,-0.001901130884,-0.1044280338
1304,-0.007146261665,0.0002199883818
1305,0.002848473536,0.0003035971395
1306,0.0457988813,0.001036397089
1307,-0.02846554922,-0.00331156299
1308,0.0150790862,0.01560179809
1309,-0.004635854426,-4.109553577e-06
1310,-0.0005313683795,7.97741775e-05
1311,-8.550481504e-05,-3.640067565e-06
1312,-7.879116916e-06,-9.911497241e-06
1313,-0.02277994968,-0.02558233187
1314,0.05120060456,0.2185275401
1315,0.006548968775,-9.133346944e-05
1316,4.673449338e-05,4.052378378e-06
1317,0.001475331244,3.315371876e-05
1318,0.002730279072,0.324103877
1319,0.08223604191,0.2611520263
1320,-5.975909381e-05,2.651325826e-05
1321,0.0002603880218,1.298570715e-06
1322,0.0005063290975,-6.199153606e-05
1323,0.000261876478,7.938740437e-06
1324,-0.01108635783,-0.04705608974
1325,-0.008496239456,-0.01005571256
1326,0.07209168291,0.1499690843
1327,-0.02190486186,0.006302731141
1328,0.0003390021438,3.344262595e-05
1329,1.134897913e-05,2.814176423e-05
1330,-5.097971412e-05,1.285895018e-05
1331,4.619969075e-05,2.551079635e-05
1332,0.004710833142,-4.471467623e-05
1333,-0.0004044481764,1.662284745e-05
1334,-0.004004502756,-6.129965946e-05
1335,0.00483033709,-0.00142490148
1336,-0.01264840758,-0.001489275118
1337,-0.02399065592,-0.001139558863
1338,-0.00842489922,-0.004312903929
1339,-0.0016299005,0.002249102774
1340,-7.72103275e-05,2.135195607e-05
1341,-2.229706094e-05,5.763468565e-05
1342,-1.885747354e-05,-0.0008681335996
1343,0.001815829083,-0.0007099588747
1344,0.001133657965,-0.00193388406
1345,-0.001139022491,-0.000440962303
1346,0.0003086532571,-0.0008732903776
1347,-0.007545536477,4.024923323e-05
1348,-0.002906546949,0.2205194003
1349,-0.01330970579,0.00440193895
1350,-0.01402295858,0.001210834483
1351,-0.00573775211,0.001398995546
1352,-2.362504135e-06,0.0007159532286
1353,-2.36912756e-05,-0.0001125684077
1354,-0.0006366895138,-0.001818936896
1355,0.006691396205,-0.006585002947
1356,0.0003524441057,0.01417017632
1357,-0.05030949287,-0.2821678942
1358,-0.0937794262,-0.3350411066
1359,0.02125275654,-0.006475536057
1360,-0.09445529743,-0.2391267279
1361,-0.08291092698,-0.2346022544
1362,-0.02316523695,0.002465851932
1363,-8.181077287e-05,0.0009737724549
1364,9.519957698e-05,-8.590343419e-05
1365,-0.007445579494,-2.716368784e-05
1366,-0.01116960932,1.140945091e-05
1367,-0.002530179522,-1.560238458e-05
1368,-0.01735979451,-0.007754058746
1369,-0.02599801476,-0.008127751936
1370,0.01072769421,-3.752898258e-05
1371,-0.04054866611,0.00543579925
1372,0.01053185549,0.008468285317
1373,0.001094028458,0.0005804416316
1374,-0.0001975625638,-4.798613901e-05
1375,0.001869660123,0.0002509423679
1376,0.0005033755987,-0.0007138898442
1377,0.0001284617199,-0.002087082762
1378,0.001652070516,0.000403403184
1379,0.003658988249,0.0003640073509
1380,0.003965119167,-0.002634711936
1381,0.0005558912246,-0.004353279569
1382,-0.0571131272,-0.2817780575
1383,-0.004836959986,0.0003340224532
1384,-0.01086991826,0.001437329041
1385,-0.01123889621,0.002858746989
1386,0.001252959226,-1.416686922e-05
1387,-3.204465676e-05,4.346882218e-05
1388,-5.635448347e-06,8.00775022e-05
1389,-4.316535961e-06,-1.447421243e-05
1390,-0.001910845456,-1.926730042e-05
1391,1.522870897e-05,2.703364536e-05
1392,-0.007108843082,-2.166828258e-05
1393,0.05956436009,-0.01591118932
1394,0.0005469627435,5.573818356e-05
1395,-3.51276834e-05,2.176536619e-05
1396,2.96750176e-05,-1.395272116e-05
1397,0.0001632965646,-2.862978605e-05
1398,-0.0001723790748,-2.287644528e-05
1399,-0.001707292052,2.21889768e-05
1400,-0.001837705631,-2.278716549e-06
1401,-0.001962348661,-6.21375343e-06
1402,-0.004087000891,3.902054915e-06
1403,0.01319593232,0.04171021863
1404,0.01314553658,-4.703409513e-05
1405,0.005542072111,4.832859868e-05
1406,0.005435205927,-4.990218235e-06
1407,0.01099478794,5.889849447e-05
1408,-0.006805316699,0.002240383719
1409,-0.00662990116,-0.02569222212
1410,-0.0004271730682,-0.04127075609
1411,-7.003403943e-05,-0.02407815351
1412,0.09636230657,0.3334807829
1413,0.09396904176,0.3347132481
1414,0.005210536132,-0.01587255606
1415,1.37115637e-05,0.003058280005
1416,0.0573740007,0.2390992052
1417,0.08292950508,0.2390943728
1418,0.02321487569,-0.00324286454
1419,-0.0008901309058,-0.0002013434233
1420,-0.001044766916,-0.0001014323762
1421,-0.0005554318506,-0.001278914598
1422,-5.636931171e-05,-0.0009897878685
1423,0.007740843908,0.004431523879
1424,0.008054193542,-0.0006472320408
1425,6.886223805e-05,0.0003000440266
1426,3.38241406e-05,-0.0005575313113
1427,0.01757094303,-0.2201225336
1428,0.01437696403,-0.003605256904
1429,0.007356344276,-0.002559565461
1430,0.003263576474,3.401585939e-05
1431,-0.001024077201,-3.220985284e-05
1432,-3.977092035e-05,-1.762671946e-05
1433,-3.608152653e-05,-4.769610374e-05
1434,0.002768140565,-5.411811859e-05
1435,0.02219190413,0.002170769768
1436,-0.003225794327,6.286554015e-05
1437,-5.369357944e-05,3.423190813e-05
1438,0.03369615744,0.001242410846
1439,-0.004922975892,0.003671888404
1440,0.009098298284,-0.006761986301
1441,-0.001391292679,-0.009962835606
1442,-0.0001898813341,0.00361866862
1443,3.426329667e-05,0.01294247791
1444,7.177363541e-05,0.006779914347
1445,-0.009656769359,-0.006648466506
1446,0.01355537247,0.02367702917
1447,0.001927849579,0.01017997476
1448,6.173238004e-06,0.01422413009
1449,0.000683330474,0.00484334324
1450,-0.04350636054,-0.06712712583
1451,0.02488904925,-0.0003583733226
1452,2.768163495e-05,-4.885846082e-05
1453,3.827329454e-05,3.391580856e-05
1454,4.857512776e-05,-4.671705338e-05
1455,2.671341114e-05,3.591565333e-05
1456,-0.004477067808,0.0008738752656
1457,-0.02703344143,-0.00480161765
1458,0.01448164719,-0.002140770304
1459,-0.01168535071,0.003923143803
1460,0.0003637351998,-2.583567699e-05
1461,2.766863817e-05,-2.366301047e-05
1462,1.761404577e-05,-4.919066498e-05
1463,4.273953656e-05,-4.532050936e-05
1464,0.001379469131,3.787572165e-05
1465,-0.0002841955489,2.569702066e-05
1466,-0.001498488894,-2.104065333e-05
1467,-0.002175181448,0.0003998996995
1468,-0.005182609056,5.952199948e-05
1469,-0.002452362053,0.0003557513081
1470,-0.008106245811,-0.0008707427828
1471,-0.0001758635026,-0.0002254776137
1472,1.725894766e-05,2.63608666e-05
1473,2.245502106e-05,-4.007117604e-06
1474,3.119271662e-05,4.922386815e-05
1475,0.0007842152557,2.033735591e-05
1476,0.0008065674411,-2.018848767e-05
1477,-0.0002844554605,-1.015018977e-05
1478,-0.003418572584,-5.053084213e-06
1479,-0.007059755347,5.170993247e-05
1480,0.00312955948,-2.026908965e-05
1481,-0.001395390748,-0.0005083053843
1482,-0.003408285484,-0.0004884370215
1483,-0.0004905965193,-1.262501788e-05
1484,-4.089394446e-05,-7.025505858e-05
1485,-2.439059273e-05,-2.531986188e-07
1486,-0.0002721126254,-6.265376638e-05
1487,0.001719413131,-9.514858085e-07
1488,1.223464379e-05,-1.809364172e-05
1489,-0.00827571621,0.01112865598
1490,-0.02301224387,-0.0034574092
1491,0.006295170998,-1.522260602e-05
1492,-0.0178020862,0.0037320618
1493,-0.01962003041,-0.003381799079
1494,-0.02048371451,0.0008985714974
1495,-3.267829077e-05,-1.976943714e-05
1496,-6.196479305e-05,-2.013926892e-05
1497,-0.00406525676,3.061945006e-05
1498,-0.006902054302,-5.904969775e-06
1499,-0.0008472657002,2.43286067e-05
1500,-0.01175515125,-0.004405506544
1501,-0.01280542422,-0.005655823274
1502,0.006747298435,6.220524692e-05
1503,-0.02644646908,-0.007945172567
1504,-0.01242261169,-0.008540325263
1505,-0.0003486590035,-0.0002108850104
1506,-1.79863738e-06,-3.612626714e-05
1507,0.0002474094383,-5.684840692e-05
1508,-4.988254215e-05,5.219907861e-05
1509,-0.0003859074474,4.363217781e-06
1510,0.0001856135729,5.782326091e-05
1511,-0.001167171351,-0.0001871305347
1512,-0.0007441964783,-3.804585396e-05
1513,-7.198849537e-05,2.133654841e-05
1514,-0.007642754813,-0.004551877224
1515,-0.006978464472,-8.958498027e-07
1516,-0.006821699992,1.343010425e-05
1517,-0.006854979841,5.782115778e-05
1518,0.0004034603173,-1.773836963e-05
1519,5.315576782e-05,-3.807116809e-05
1520,-5.672544326e-05,3.783504649e-05
1521,7.061564882e-06,-6.616611157e-05
1522,-0.00146911993,-6.436399297e-08
1523,1.898652915e-05,4.665324037e-06
1524,-0.00135877575,2.725633203e-05
1525,0.004986152221,0.0003412926163
1526,2.216325609e-05,8.487546525e-06
1527,4.805939015e-05,-4.629987935e-05
1528,-2.737272238e-05,-1.546918437e-06
1529,7.547168326e-06,-1.114004699e-05
1530,0.0002250554888,-4.170503098e-05
1531,-0.0002874129142,-4.373747682e-05
1532,-0.000235435539,3.970382842e-05
1533,0.001293320887,1.062977419e-05
1534,0.0007409946088,-3.820387207e-05
1535,0.000600863195,-1.344977317e-05
1536,0.006033711166,-2.545008122e-05
1537,0.007034227515,-1.227845821e-05
1538,0.007090419895,4.442521542e-05
1539,0.00681331188,1.103347631e-05
1540,-0.001725333604,-5.177883651e-05
1541,-0.0017603404,-6.831523435e-06
1542,2.123965278e-05,-1.713250895e-05
1543,-1.147196755e-05,2.028914736e-05
1544,0.02344758885,0.00338400881
1545,0.02302811592,0.003405008817
1546,0.001504291341,3.860712523e-05
1547,-6.667505752e-05,-2.625432865e-06
1548,0.01245957477,0.003689249539
1549,0.01986136813,0.003267408609
1550,0.02060868952,-0.0008494195514
1551,-0.0007866818943,-2.127800488e-05
1552,-0.0008522096429,1.865125822e-05
1553,-3.598870338e-06,-9.514038361e-05
1554,4.293982443e-06,-2.489874561e-05
1555,0.006980023559,-5.661040841e-05
1556,0.00716748896,-4.682167082e-05
1557,2.767064706e-05,8.643528903e-06
1558,4.418628998e-05,8.669447193e-06
1559,0.002483662412,-9.831152021e-05
1560,0.002816158482,0.0005657674801
1561,0.0008397119221,0.0005143950392
1562,0.001374681541,-2.431201816e-05
1563,-0.0001117837046,8.738108393e-06
1564,2.083414393e-06,1.872429001e-05
1565,-4.746912321e-05,3.456744001e-06
1566,0.001213890447,2.964003782e-06
1567,0.008233333064,-0.000315901043
1568,-0.001351232423,-7.768231861e-05
1569,3.610462677e-05,3.763406218e-05
1570,0.007448296162,-0.0003835806121
1571,0.007183354255,0.0007545543725
1572,0.00411215589,0.0003105547935
1573,-8.994749242e-05,-1.970412073e-05
1574,-9.566762619e-06,2.044490481e-05
1575,8.251247962e-05,-2.747322769e-05
1576,-3.698346256e-05,-2.459055355e-05
1577,-0.004012173423,0.0002296779107
1578,0.01819281216,-0.0003843797071
1579,0.0006149547505,-4.421076563e-05
1580,5.65332821e-05,7.552719967e-05
1581,0.0001584388093,2.154528323e-05
1582,-0.01334577273,0.002664616291
1583,0.02273061259,0.00245759093
1584,-1.260684206e-05,-4.394518253e-05
1585,7.53123084e-05,3.660398915e-05
1586,-3.140462733e-05,3.958206861e-05
1587,-3.068485711e-05,1.34923257e-05
1588,0.0007612689265,1.221163102e-05
1589,-0.002307092119,-0.005913450048
1590,-0.0003601113014,-2.964810895e-05
1591,-0.001442725107,-0.001684508292
1592,4.550623132e-05,-5.475088912e-05
1593,-1.068845018e-05,-1.104643433e-05
1594,8.263011235e-06,5.23669161e-05
1595,-9.368597764e-06,-2.743264722e-05
1596,4.764850671e-05,-6.85807454e-05
1597,6.253848997e-06,-6.187891598e-05
1598,-0.0002365863867,3.100552949e-05
1599,0.0008662015665,0.001738318346
1600,-0.004527560441,0.0007452615658
1601,-0.0003252495319,-0.0001580307379
1602,-0.002577884767,0.0003288671113
1603,5.295200092e-06,-0.00157855109
1604,4.39456734e-05,1.808703772e-05
1605,7.891709755e-06,1.666963993e-06
1606,-1.572410173e-05,-3.914999279e-05
1607,2.497779737e-05,-3.342380846e-05
1608,0.000159642422,-0.000100631986
1609,5.326558853e-05,3.667881392e-05
1610,0.0005580569818,2.99808254e-05
1611,0.0009006096872,-1.263931364e-05
1612,0.000751864697,-3.580697929e-05
1613,0.0002137307458,0.0008765860473
1614,0.0001810364187,0.0003922852273
1615,-0.0002853309729,-3.199529538e-05
1616,-1.309766188e-05,1.970075677e-05
1617,-2.338127468e-06,5.668675146e-05
1618,-0.0001007943085,-1.232664749e-05
1619,0.0001485093335,-4.436041206e-05
1620,3.8673419e-05,8.712721727e-06
1621,-0.004512838187,-0.008516911732
1622,-0.01489303769,0.006979831087
1623,6.590696946e-05,2.900894648e-05
1624,-0.00423281831,-0.00550779056
1625,-0.009491902925,0.0004406047483
1626,-0.0009690353027,-0.002661865254
1627,-4.87447781e-05,-5.634560985e-05
1628,1.579608104e-05,-1.668290987e-05
1629,-0.001342533444,9.408091599e-06
1630,-0.00221755941,-2.060963009e-05
1631,4.832181257e-06,-1.996374751e-05
1632,-0.008474926146,-0.000368886064
1633,-0.009536564464,-0.0006198808449
1634,0.001918578361,1.305903365e-05
1635,-0.00909730517,-0.001910843581
1636,-0.00593791769,-0.001541048806
1637,9.567159476e-05,0.0001199078645
1638,1.29446572e-05,6.198414527e-05
1639,7.780620019e-05,2.691415822e-05
1640,-7.668587495e-05,-3.706624144e-05
1641,-0.0001537325117,-7.847535157e-05
1642,4.227272196e-05,-3.417605521e-05
1643,-0.000129985893,4.340222706e-05
1644,-6.530175325e-06,6.775028023e-06
1645,0.0002127296392,4.8809832e-06
1646,-0.007741437466,-0.00174411226
1647,-0.0002145545746,-3.53954095e-05
1648,-0.0002248379413,-4.243802547e-05
1649,-0.0001871860116,1.834907122e-05
1650,-2.590857979e-05,3.593056974e-05
1651,-7.836954164e-06,-4.571348458e-05
1652,6.331332117e-06,4.037963719e-05
1653,1.864691816e-06,-8.733538104e-05
1654,-0.0001276128682,2.668419608e-05
1655,-1.859567966e-05,-5.235638491e-05
1656,-0.0002428903566,6.658900356e-06
1657,0.001379552226,0.001888088398
1658,7.832164133e-05,-2.823160521e-05
1659,-1.534610071e-05,4.538767482e-05
1660,-2.193895103e-05,3.625252303e-05
1661,0.000146857575,7.968149331e-07
1662,0.0001842211559,-2.026560617e-06
1663,-8.375101823e-05,6.287587653e-05
1664,-0.0001072848143,1.188345575e-05
1665,0.00015496506,9.694435526e-06
1666,-4.27083503e-05,-9.452350002e-05
1667,0.0004710642065,0.001057778565
1668,0.0001668124337,-1.027342275e-05
1669,0.0001525985288,-3.694618584e-05
1670,0.0002223896804,-3.25375974e-05
1671,0.0002310642429,9.722956411e-06
1672,-0.0001025190879,-5.106155583e-05
1673,-0.0001524428643,2.45613504e-05
1674,-1.400461201e-06,1.225355549e-05
1675,-7.309345677e-05,-1.640120538e-05
1676,0.01487265011,-0.006939306271
1677,0.01482505372,-0.00689331272
1678,0.0001142025063,9.150509787e-05
1679,1.097360885e-06,-2.700790128e-05
1680,0.009278185216,-0.0005157406148
1681,0.009510612544,-0.0003732473544
1682,0.001012984213,0.002650861706
1683,-0.0002289308883,-5.843398533e-05
1684,-0.0001521117657,1.52813509e-05
1685,-6.568655288e-05,-4.020014503e-05
1686,3.880902735e-05,-6.371413816e-05
1687,-0.0008028920562,2.540906876e-05
1688,-0.0008838428177,2.014661122e-05
1689,1.502645968e-05,1.854863306e-05
1690,-3.516854594e-05,-2.200211421e-05
1691,-0.0009088057954,8.800155465e-05
1692,-7.716856291e-05,-0.0007610248059
1693,0.0001888209279,-0.000355505378
1694,0.0001071271354,-1.149871667e-05
1695,1.742450041e-05,-1.941962689e-05
1696,3.581056779e-05,-1.542561011e-05
1697,6.302045271e-05,-9.693093558e-07
1698,3.949300548e-05,-5.422482577e-05
1699,0.007816709845,-0.001642765539
1700,-9.404661174e-05,-1.097699243e-05
1701,3.088886035e-06,-9.260655925e-06
1702,0.0003073726234,0.0001733445664
1703,-0.0007794950138,-0.0003911933002
1704,0.001751286468,0.001107668446
1705,-3.188591715e-05,6.064183606e-05
1706,-5.646714954e-05,3.279916923e-05
1707,2.314501345e-05,7.82814504e-05
1708,-8.436098762e-06,2.173682954e-05
1709,-0.0002635821029,1.265279508e-05
1710,0.0006469712866,0.002784475342
1711,-2.593905892e-05,-3.028073393e-05
1712,4.389897033e-05,6.793024185e-05
1713,4.781979591e-06,3.152851322e-05
1714,0.0002310440772,0.003898793453
1715,0.002179724449,0.00549253837
